"filename", "language", "C++", "XML", "JSON", "Log", "Markdown", "HTML", "comment", "blank", "total"
"d:\Documents\Codage\C++\NewProject\Project1\.vs\Project1\v17\DocumentLayout.json", "JSON", 0, 0, 417, 0, 0, 0, 0, 0, 417
"d:\Documents\Codage\C++\NewProject\Project1\Project1.vcxproj", "XML", 0, 182, 0, 0, 0, 0, 0, 0, 182
"d:\Documents\Codage\C++\NewProject\Project1\Project1\x64\Debug\Project1.log", "Log", 0, 0, 0, 5, 0, 0, 0, 1, 6
"d:\Documents\Codage\C++\NewProject\Project1\antenna.cpp", "C++", 101, 0, 0, 0, 0, 0, 14, 17, 132
"d:\Documents\Codage\C++\NewProject\Project1\antenna.h", "C++", 62, 0, 0, 0, 0, 0, 14, 44, 120
"d:\Documents\Codage\C++\NewProject\Project1\complex.cpp", "C++", 115, 0, 0, 0, 0, 0, 7, 14, 136
"d:\Documents\Codage\C++\NewProject\Project1\complex.h", "C++", 47, 0, 0, 0, 0, 0, 7, 19, 73
"d:\Documents\Codage\C++\NewProject\Project1\constants.cpp", "C++", 17, 0, 0, 0, 0, 0, 0, 2, 19
"d:\Documents\Codage\C++\NewProject\Project1\constants.h", "C++", 27, 0, 0, 0, 0, 0, 1, 3, 31
"d:\Documents\Codage\C++\NewProject\Project1\example.json", "JSON", 0, 0, 4, 0, 0, 0, 0, 0, 4
"d:\Documents\Codage\C++\NewProject\Project1\fonts\Bebas-Neue-master\DESCRIPTION.en_us.html", "HTML", 0, 0, 0, 0, 0, 9, 0, 0, 9
"d:\Documents\Codage\C++\NewProject\Project1\fonts\Bebas-Neue-master\README.md", "Markdown", 0, 0, 0, 0, 89, 0, 0, 33, 122
"d:\Documents\Codage\C++\NewProject\Project1\fonts\Bebas-Neue-master\TRADEMARKS.md", "Markdown", 0, 0, 0, 0, 1, 0, 0, 0, 1
"d:\Documents\Codage\C++\NewProject\Project1\graphics.cpp", "C++", 197, 0, 0, 0, 0, 0, 16, 18, 231
"d:\Documents\Codage\C++\NewProject\Project1\graphics.h", "C++", 74, 0, 0, 0, 0, 0, 4, 10, 88
"d:\Documents\Codage\C++\NewProject\Project1\main.cpp", "C++", 21, 0, 0, 0, 0, 0, 2, 9, 32
"d:\Documents\Codage\C++\NewProject\Project1\map.cpp", "C++", 147, 0, 0, 0, 0, 0, 14, 11, 172
"d:\Documents\Codage\C++\NewProject\Project1\map.h", "C++", 43, 0, 0, 0, 0, 0, 4, 13, 60
"d:\Documents\Codage\C++\NewProject\Project1\material.cpp", "C++", 29, 0, 0, 0, 0, 0, 2, 6, 37
"d:\Documents\Codage\C++\NewProject\Project1\material.h", "C++", 20, 0, 0, 0, 0, 0, 3, 10, 33
"d:\Documents\Codage\C++\NewProject\Project1\path.cpp", "C++", 76, 0, 0, 0, 0, 0, 14, 8, 98
"d:\Documents\Codage\C++\NewProject\Project1\path.h", "C++", 22, 0, 0, 0, 0, 0, 4, 12, 38
"d:\Documents\Codage\C++\NewProject\Project1\ray.cpp", "C++", 81, 0, 0, 0, 0, 0, 4, 8, 93
"d:\Documents\Codage\C++\NewProject\Project1\ray.h", "C++", 34, 0, 0, 0, 0, 0, 4, 14, 52
"d:\Documents\Codage\C++\NewProject\Project1\tile.cpp", "C++", 28, 0, 0, 0, 0, 0, 4, 9, 41
"d:\Documents\Codage\C++\NewProject\Project1\tile.h", "C++", 21, 0, 0, 0, 0, 0, 4, 15, 40
"d:\Documents\Codage\C++\NewProject\Project1\vector.cpp", "C++", 85, 0, 0, 0, 0, 0, 8, 15, 108
"d:\Documents\Codage\C++\NewProject\Project1\vector.h", "C++", 36, 0, 0, 0, 0, 0, 7, 18, 61
"d:\Documents\Codage\C++\NewProject\Project1\wall.cpp", "C++", 35, 0, 0, 0, 0, 0, 3, 8, 46
"d:\Documents\Codage\C++\NewProject\Project1\wall.h", "C++", 28, 0, 0, 0, 0, 0, 4, 14, 46
"Total", "-", 1346, 182, 421, 5, 90, 9, 144, 331, 2528